Strategy,status,n_obs,alpha_monthly,alpha_annualized,alpha_tstat,beta_mkt_rf,beta_smb,beta_hml,beta_rmw,beta_cma,mean_monthly_return,mean_monthly_excess_return,r_squared,Experiment,Universe,Model,SectorScope,WindowYears,ff5_hac_n_obs,ff5_hac_lag,alpha_monthly_hac,alpha_annualized_hac,alpha_tstat_hac,alpha_pvalue_hac,alpha_pvalue_ols_two_sided
gap_top_5pct,ok,84,-0.0004569668640413,-0.005469841304859,-0.1878117631491447,1.011027365793888,0.0715300776428106,-0.0314134081124726,0.3055262012850261,0.1071697531827152,0.0128929617738534,0.0107024855833772,0.8578800346959025,sp500_mse_all_w5,S&P500,mse,all,5,84,3,-0.000456966864041321,-0.005469841304859058,-0.1947381516177534,0.8461042806239628,0.8515119432678487
gap_top_10pct,ok,84,0.0018529257097784,0.0224631139696001,0.86464111196051,1.030538747478275,0.165944172823469,0.1140303197670692,0.1637697192495193,0.1354263898978241,0.0149445581085464,0.0127540819180702,0.8944852939131553,sp500_mse_all_w5,S&P500,mse,all,5,84,3,0.0018529257097784652,0.0224631139696001,0.7928447030257675,0.43027333032900217,0.3898871695983296
gap_top_20pct,ok,84,-7.899023472561531e-06,-9.478416373709386e-05,-0.004340658710628,1.0352381206271477,0.3197494430480831,0.2060521155663771,0.283707382889048,0.0892972536703647,0.0133750288474784,0.0111845526570022,0.930753986923005,sp500_mse_all_w5,S&P500,mse,all,5,84,3,-7.89902347256456e-06,-9.478416373709386e-05,-0.004608332428441721,0.9963348616467542,0.9965477488009823
gap_top_30pct,ok,84,-0.0009864257436876,-0.0117730992590213,-0.6503354752868338,1.0047713455934402,0.2910999220442343,0.2555670575855281,0.2558050707364186,0.0729496576454947,0.0121209473373708,0.0099304711468946,0.9485784042833846,sp500_mse_all_w5,S&P500,mse,all,5,84,3,-0.0009864257436876132,-0.011773099259021369,-0.7178752338752344,0.4749788704225826,0.5173865400930333
gap_top_5pct,ok,108,0.001556933162905,0.0188440178637119,0.7569288702627756,1.0068439803983849,0.084496992654441,-0.0420941409390932,0.3102063810052,0.0977585219852788,0.0141225746275455,0.0121364635164344,0.8518576533894258,sp500_mse_all_w3,S&P500,mse,all,3,108,4,0.0015569331629050913,0.018844017863711926,0.7931600696333424,0.4295257111096329,0.45083738924640016
gap_top_10pct,ok,108,0.0009971208549829,0.0120312893550953,0.6363311690162596,1.0345776195384804,0.1551345439713739,0.1014484591329668,0.2037728616638844,0.1301284342612872,0.0132525995551053,0.0112664884439942,0.9154272638810552,sp500_mse_all_w3,S&P500,mse,all,3,108,4,0.0009971208549829622,0.012031289355095343,0.670425734865681,0.5041015701998528,0.5259859639898135
gap_top_20pct,ok,108,-0.0003715314102026,-0.0044492778467494,-0.2519175291322836,1.033599835783999,0.2795263460433274,0.2128030523265682,0.2921329771212799,0.1064577066811464,0.0118079808946821,0.009821869783571,0.9314197626278355,sp500_mse_all_w3,S&P500,mse,all,3,108,4,-0.00037153141020260873,-0.004449277846749422,-0.2693707450016357,0.7881885572209515,0.8016117019206813
gap_top_30pct,ok,108,-0.0011204620902656,-0.0133629950417725,-0.8948857540915144,1.0142111049472655,0.2681106490455723,0.2456209005907646,0.2747529013799565,0.0824157937163691,0.0108287696667567,0.0088426585556456,0.9482726797989198,sp500_mse_all_w3,S&P500,mse,all,3,108,4,-0.0011204620902656444,-0.013362995041772519,-0.9850369162090714,0.32693676517979053,0.3729550332607625
gap_top_5pct,ok,84,0.0164769542723246,0.2166633905266135,2.614707959501248,1.2528820710040725,-0.2007050544690632,-0.0176265899845412,0.0619210716091377,-0.4696977323589842,0.0315501600395308,0.0293596838490546,0.589392170221583,sp500_mse_bio_it_w5,S&P500,mse,bio_it,5,84,3,0.016476954272324644,0.21666339052661354,2.7977981203426907,0.006478783418177514,0.010715306180286722
gap_top_10pct,ok,84,0.015453702808802,0.2020472268116921,2.7078354430412075,1.249787075037652,-0.1924434683038896,-0.1004616140504251,-0.0082398319009457,-0.0946709784135636,0.0303401942860451,0.0281497180955689,0.6126508306754226,sp500_mse_bio_it_w5,S&P500,mse,bio_it,5,84,3,0.015453702808801989,0.20204722681169218,2.9236131369776004,0.0045267307887487595,0.00831903380446929
gap_top_20pct,ok,84,0.0114404219344554,0.1462614139717959,2.5744148954614148,1.244783680678092,-0.0442515803524559,-0.02013350949745,-0.0376900963196037,-0.0530866671356422,0.0260218327276878,0.0238313565372116,0.7245366922861203,sp500_mse_bio_it_w5,S&P500,mse,bio_it,5,84,3,0.011440421934455451,0.14626141397179593,2.8208720104662635,0.006071161072777807,0.01193384770317081
gap_top_30pct,ok,84,0.0081557394847266,0.1023805017861214,2.1270818844195216,1.1547852910672138,0.0019928658247019,-0.0523644279232043,-0.0587432456190919,0.016160253386732,0.0216507773988937,0.0194603012084176,0.7527478836397233,sp500_mse_bio_it_w5,S&P500,mse,bio_it,5,84,3,0.008155739484726636,0.10238050178612146,2.10045980191799,0.038919605048089966,0.036573825602760575
gap_top_5pct,ok,108,0.0144878560831368,0.1883988755087873,2.804457488228868,1.2624296844258711,-0.0019993027708697,-0.2511875894754068,0.2127128929397505,-0.5012123862616976,0.0297893104862609,0.0278031993751498,0.6253641590974386,sp500_mse_bio_it_w3,S&P500,mse,bio_it,3,108,4,0.014487856083136802,0.1883988755087873,2.9412213753788756,0.004045855951245548,0.006035488089639955
gap_top_10pct,ok,108,0.01958306003661,0.2620348122335225,3.4545970158075288,1.24387939354131,-0.0912366783646439,-0.1214560325919458,0.0755972937624992,-0.2143487077797891,0.0342949430108552,0.0323088318997441,0.5369621410540513,sp500_mse_bio_it_w3,S&P500,mse,bio_it,3,108,4,0.01958306003661008,0.26203481223352254,3.3116206726103203,0.0012836528450028877,0.00080421385564937
gap_top_20pct,ok,108,0.0100632944309193,0.1276727093813106,2.6755978175478603,1.222837819601407,0.0097093191427647,-0.0646087435881553,0.0040458237805369,-0.1480227732117051,0.0240737941967572,0.0220876830856461,0.7177544947334835,sp500_mse_bio_it_w3,S&P500,mse,bio_it,3,108,4,0.010063294430919321,0.1276727093813106,2.6803501662664746,0.008577259253589393,0.008691562378381286
gap_top_30pct,ok,108,0.0074008826094557,0.0925162974621363,2.380212314298497,1.1162455618761011,0.1111206010385945,-0.0326129781708032,0.0117754238628696,-0.0932143116273952,0.0201342602991794,0.0181481491880683,0.7603839888069306,sp500_mse_bio_it_w3,S&P500,mse,bio_it,3,108,4,0.007400882609455701,0.09251629746213341,2.147823965788092,0.034095873891472804,0.019160283602690176
gap_top_5pct,ok,84,-0.0003904362207637,-0.0046751866624846,-0.1605545407091051,1.0058285158644822,0.0758722784921367,-0.0308270540359253,0.3067426645769595,0.10204963802187,0.0129000003643865,0.0107095241739103,0.8570951756073824,sp500_ranknet_all_w5,S&P500,ranknet,all,5,84,3,-0.0003904362207637124,-0.004675186662484676,-0.16859859040756237,0.866548822992686,0.8728593528085214
gap_top_10pct,ok,84,-0.000181014785026,-0.0021700161453861,-0.09229827092065,1.035931882917526,0.1979156156891751,0.105106344106798,0.2368279522730673,0.1331198512059263,0.0131505279050916,0.0109600517146154,0.912567926007895,sp500_ranknet_all_w5,S&P500,ranknet,all,5,84,3,-0.00018101478502610633,-0.0021700161453861444,-0.09487052971998543,0.9246609646461169,0.9266977094339099
gap_top_20pct,ok,84,0.0004799714436841,0.0057748862671227,0.2636393990381622,1.016467859385636,0.3141743009377437,0.1984159768870458,0.2723698841816868,0.1035348411454521,0.0136410440941535,0.0114505679036773,0.9281524243177128,sp500_ranknet_all_w5,S&P500,ranknet,all,5,84,3,0.0004799714436840891,0.0057748862671227474,0.28284300090456044,0.7780464490647678,0.7927530470332098
gap_top_30pct,ok,84,-0.000696232193122,-0.0083228676577167,-0.450019370327308,0.9986688760570172,0.2897367430981908,0.2344572615992908,0.2589559947826604,0.0783957657800448,0.0123320219569388,0.0101415457664626,0.9455700049618716,sp500_ranknet_all_w5,S&P500,ranknet,all,5,84,3,-0.0006962321931220675,-0.008322867657716726,-0.49550229789734523,0.6216387587965371,0.6539447105733696
gap_top_5pct,ok,108,0.0008727605256162,0.0105235457707839,0.4300875998136755,1.0112057710076203,0.080016421831401,-0.0397951858422404,0.2975826721215762,0.1041130557979068,0.013448701162908,0.0114625900517969,0.855745832899302,sp500_ranknet_all_w3,S&P500,ranknet,all,3,108,4,0.0008727605256162524,0.01052354577078396,0.45006649042146146,0.6536175815512602,0.6680392233959933
gap_top_10pct,ok,108,0.0024583342279784,0.0299021622367103,1.4604521185834147,1.0416209209444909,0.1598160029022106,0.1188642602787764,0.1887859625146022,0.1098359663714336,0.0147227766310462,0.0127366655199351,0.9053447701955786,sp500_ranknet_all_w3,S&P500,ranknet,all,3,108,4,0.0024583342279784625,0.029902162236710383,1.3578751686039683,0.17749958405101612,0.14723928835627112
gap_top_20pct,ok,108,0.0006711362607434,0.0080834297106433,0.4659669887999712,1.0312684248634858,0.2410677843878097,0.2121855472075967,0.256763545408644,0.1018557860141085,0.0128060480583839,0.0108199369472728,0.9326566356924748,sp500_ranknet_all_w3,S&P500,ranknet,all,3,108,4,0.0006711362607434697,0.008083429710643353,0.49344178723406484,0.622761238466365,0.6422326509476894
gap_top_30pct,ok,108,-0.0009787406257569,-0.0116818697285323,-0.7796170448053935,1.0186209891069486,0.2535884821627626,0.2396506690956945,0.2544427833355259,0.0820671916064944,0.0109875114647489,0.0090014003536378,0.947775138956021,sp500_ranknet_all_w3,S&P500,ranknet,all,3,108,4,-0.0009787406257569932,-0.011681869728532357,-0.842717434336268,0.4013582426038753,0.43742153774267556
gap_top_5pct,ok,84,0.0155554923658622,0.2034939496060726,2.548407901517435,1.3079252543092692,-0.1989259556558816,-0.1867184177099802,0.1487517277909494,-0.4377047614324001,0.0312319909262032,0.029041514735727,0.6321156312722134,sp500_ranknet_bio_it_w5,S&P500,ranknet,bio_it,5,84,3,0.015555492365862204,0.2034939496060726,2.7753438911284816,0.00689940551811757,0.012785477765399567
gap_top_10pct,ok,84,0.0202344041519478,0.2717436437037601,3.1128529848835003,1.23949697007255,-0.1502600713288685,-0.0648850704613318,-0.142780324570635,-0.1061425971541383,0.0344840459875879,0.0322935697971117,0.5466388962916159,sp500_ranknet_bio_it_w5,S&P500,ranknet,bio_it,5,84,3,0.02023440415194787,0.27174364370376014,3.0295125335038517,0.0033212817853361214,0.0025901333217628877
gap_top_20pct,ok,84,0.0098642761720002,0.1250092991661506,2.2229816845542034,1.2295962220717835,-0.0764293282935923,-0.0327035864607379,-0.0823050731827571,-0.1034346944816407,0.0241392124048942,0.021948736214418,0.7207738631012877,sp500_ranknet_bio_it_w5,S&P500,ranknet,bio_it,5,84,3,0.009864276172000239,0.12500929916615067,2.2752405462370553,0.025637203775163105,0.02911223124349821
gap_top_30pct,ok,84,0.0081309365548888,0.1020550929344326,2.327067651660061,1.14614565605467,0.0686637618222965,-0.101892282383147,-0.0592402076545903,-0.0428091760423099,0.0212705398230846,0.0190800636326084,0.7898894362133432,sp500_ranknet_bio_it_w5,S&P500,ranknet,bio_it,5,84,3,0.008130936554888835,0.1020550929344326,2.2116251156313886,0.029919905281147983,0.0225574115822765
gap_top_5pct,ok,108,0.015166068120705,0.197967722213475,2.6020077471295173,1.2337280461920548,0.059531692638968,-0.2359063022787219,0.3475742686648418,-0.5258741722458059,0.0304612296784854,0.0284751185673743,0.5625431097398423,sp500_ranknet_bio_it_w3,S&P500,ranknet,bio_it,3,108,4,0.015166068120705072,0.19796772221347503,2.5042187048160662,0.01385695926891944,0.01064681870838778
gap_top_10pct,ok,108,0.0176261339907693,0.233272423166484,3.22045112228227,1.2542122599284895,-0.0694797544995285,-0.2242770197906931,0.0223597738572811,-0.1114108176246332,0.0322617418458983,0.0302756307347872,0.5575867578172204,sp500_ranknet_bio_it_w3,S&P500,ranknet,bio_it,3,108,4,0.0176261339907693,0.233272423166484,3.01272910483686,0.003265331974306917,0.0017174961260793694
gap_top_20pct,ok,108,0.0102127163685587,0.129676182306226,2.644175819822013,1.186822603016863,0.0549186788379026,-0.0917746863085814,0.0102869141032063,-0.1303084725324835,0.0238042181572122,0.0218181070461011,0.6973731198640896,sp500_ranknet_bio_it_w3,S&P500,ranknet,bio_it,3,108,4,0.010212716368558786,0.12967618230622602,2.597594962971732,0.010775806224229948,0.009482728738617581
gap_top_30pct,ok,108,0.0080977494131478,0.1016198228402498,2.664344245119819,1.127108313740194,0.1107439305441033,-0.0755473565194956,-0.0204076723668223,-0.0729399948263365,0.0208615554019936,0.0188754442908825,0.7715873972002243,sp500_ranknet_bio_it_w3,S&P500,ranknet,bio_it,3,108,4,0.008097749413147818,0.10161982284024984,2.401143040643784,0.018154952051932058,0.008967760497993655
